{
  "median": 8.051300836033226,
  "best": 305.48365320077284,
  "worst": -65.44193169501956
}